Input file,K,Motif,Score,Time
hm03.txt,8,"GCCGCGC
",25.361817182970398,0.610055685043335
hm03.txt,9,"GGCCGCGC
",27.454503740728782,0.6031670570373535
hm03.txt,10,"CGGCCGCGC
",29.587516052747418,0.7789516448974609
hm03.txt,11,"CCGGCCGCGC
",31.72052836476606,0.7387955188751221
hm03.txt,12,"GCCGGCCGCGC
",33.813214922524445,0.7714910507202148
hm03.txt,13,"CGCCGGCCGCGC
",35.94622723454309,0.8227255344390869
hm03.txt,14,"GCGCCGGCCGCGC
",38.03891379230147,0.8844320774078369
hm03.txt,15,"GGCGCCGGCCGCGC
",40.13160035005986,0.9372386932373047
