Input file,K,Motif,Score,Time
hm03.txt,8,GCCGCGC,25.361817182970398,0.5615570545196533
hm03.txt,9,GGCCGCGC,27.454503740728782,0.6171197891235352
hm03.txt,10,CGGCCGCGC,29.587516052747418,0.6613306999206543
hm03.txt,11,CCGGCCGCGC,31.72052836476606,0.729912281036377
hm03.txt,12,GCCGGCCGCGC,33.813214922524445,0.8156647682189941
hm03.txt,13,CGCCGGCCGCGC,35.94622723454309,0.8333520889282227
hm03.txt,14,GCGCCGGCCGCGC,38.03891379230147,0.889373779296875
hm03.txt,15,GGCGCCGGCCGCGC,40.13160035005986,0.9234464168548584
