Input file,K,Motif,Score,Time
yst04r.txt,8,CTAGAGA,24.05613497775129,0.22733807563781738
yst04r.txt,9,GCTAGAGA,26.560420832172852,0.2341156005859375
yst04r.txt,10,AGCTAGAGA,28.260191551905994,0.26662254333496094
yst04r.txt,11,AAGCTAGAGA,29.95996227163914,0.28133606910705566
yst04r.txt,12,AAAGCTAGAGA,31.659732991372284,0.3133273124694824
yst04r.txt,13,TAAAGCTAGAGA,33.340896607877916,0.3189582824707031
yst04r.txt,14,ATAAAGCTAGAGA,35.04066732761106,0.3601109981536865
yst04r.txt,15,GATAAAGCTAGAGA,37.544953182032614,0.36545872688293457
