Input file,K,Motif,Score,Time
yst08r.txt,8,CATCACA,23.65921537297101,0.4511837959289551
yst08r.txt,9,TCATCACA,25.346092640671042,0.5395472049713135
yst08r.txt,10,CCAATTACC,27.595330980155094,0.616534948348999
yst08r.txt,11,CATCATCACA,29.3477965894827,0.5855958461761475
yst08r.txt,12,GTCCAATTACC,31.745970119991156,0.6283402442932129
yst08r.txt,13,TGTCCAATTACC,33.43284738769118,0.6602873802185059
yst08r.txt,14,GTAAGAATAAACG,35.24876401542146,0.7118191719055176
yst08r.txt,15,AGTAAGAATAAACG,37.00122962474906,0.7417125701904297
