Input file,K,Motif,Score,Time
hm03.txt,8,AAAATAAA,6,0.5645897388458252
hm03.txt,9,AAAAAAAAT,4,0.6085407733917236
hm03.txt,10,TACTGCCTCT,3,0.6239364147186279
hm03.txt,11,CAGCTTAGTGC,3,0.6592864990234375
hm03.txt,12,CAGCTTAGTGCC,3,0.6189296245574951
hm03.txt,13,TTAACTTAATATT,3,0.5707738399505615
hm03.txt,14,AGCTTAGTGCCTGA,3,0.5769529342651367
hm03.txt,15,CCCAGCTTAGTGCCT,3,0.6270692348480225
