Input file,K,Motif,Score,Time
yst04r.txt,8,ATTTTTTT,6,0.12940621376037598
yst04r.txt,9,TTTTTTTCT,4,0.14007043838500977
yst04r.txt,10,TTTTTTTTCT,4,0.13393759727478027
yst04r.txt,11,CTTTTCTGGCA,3,0.14027810096740723
yst04r.txt,12,ATTTTTATTTTA,2,0.13590097427368164
yst04r.txt,13,TTTTTTTTTCTTT,2,0.14274978637695312
yst04r.txt,14,AAGGAAGAAAAAAA,2,0.14658689498901367
yst04r.txt,15,,0,0.1354691982269287
