Input file,K,Motif,Score,Time
yst08r.txt,8,ATTTTTTT,7,0.3055763244628906
yst08r.txt,9,AAAAAAAAA,6,0.3159162998199463
yst08r.txt,10,GAAAAAAAAA,5,0.34259867668151855
yst08r.txt,11,AAGAAAAAAAA,4,0.3502049446105957
yst08r.txt,12,AAGAAAAAAAAA,4,0.3225085735321045
yst08r.txt,13,AAGGAAGAAAAAA,2,0.3225407600402832
yst08r.txt,14,AAGGAAGAAAAAAA,2,0.319049596786499
yst08r.txt,15,,0,0.32456183433532715
