Input file,K,Motif,Score,Time
yst08r.txt,8,GCCGCGGG,19.054988585741064,419.51497411727905
yst08r.txt,9,GCCGCGGGC,21.302784951051212,391.6183364391327
yst08r.txt,10,GGCGCCGCGC,23.55058131636136,419.30572390556335
yst08r.txt,11,GGCGCCGCGCC,25.798377681671507,398.8351631164551
yst08r.txt,12,GGCGCCGCGCCG,28.260697579633632,419.36436676979065
yst08r.txt,13,GGCGCCGCGCCGC,30.50849394494378,397.5376853942871
yst08r.txt,14,GGCGCCGCGCCGCC,32.75629031025393,419.48921155929565
yst08r.txt,15,GGCGCCGCGCCGCCG,35.218610208216056,390.9270529747009
