Input file,K,Motif,Score,Time
yst04r.txt,8,GCCGCGGG,19.409477181817884,164.88099932670593
yst04r.txt,9,GCCGCGGGC,21.707896442011094,163.4181830883026
yst04r.txt,10,GGCGGAGGGG,24.01949904773366,170.32040143013
yst04r.txt,11,GGCGGAGGGGA,25.717827793292898,163.73021960258484
yst04r.txt,12,GGCGGAGGGGAG,28.22067167354055,167.28891372680664
yst04r.txt,13,GGTGGCGGAGGGG,30.704908450560694,162.26219296455383
yst04r.txt,14,AGGTGGCGGAGGGG,32.40323719611993,170.03656005859375
yst04r.txt,15,GGTGGCGGAGGGGAG,34.906081076367585,168.7008922100067
