Input file,K,Motif,Score,Time
hm03.txt,8,CCGCCGCC,16.975755177729038,807.9076118469238
hm03.txt,9,CCGCCGCCC,19.10780601351023,790.5003533363342
hm03.txt,10,CCCGCCGCCC,21.239856849291424,820.0642943382263
hm03.txt,11,CCCGCCGCCCG,23.331581930812366,793.0314118862152
hm03.txt,12,CCCGCCGCCCGC,25.46363276659356,827.4436371326447
hm03.txt,13,CCCGCCGCCCGCC,27.595683602374752,821.5370583534241
hm03.txt,14,CCCGCCGCCCGCCC,29.727734438155945,850.8508081436157
hm03.txt,15,CCCGCCGCCCGCCCG,31.819459519676887,844.0370509624481
