Input file,K,Motif,Score,Time
yst08r.txt,8,TTTTTTTT,2268,1.0402636528015137
yst08r.txt,9,TTTTTTTTT,1620,0.7849507331848145
yst08r.txt,10,AAAAAAAAAA,1375,0.6957921981811523
yst08r.txt,11,AAAAAAAAAAA,1254,0.547152042388916
yst08r.txt,12,AAAAAAAAAAAA,1092,0.20844578742980957
yst08r.txt,13,AAAAAAAAAAAAA,1001,0.22543621063232422
yst08r.txt,14,AAAAAAAAAAAAAA,945,0.23637151718139648
yst08r.txt,15,TATATATATATATAT,992,0.24734210968017578
