Input file,K,Motif,Score,Time
yst04r.txt,8,AAAAAAAA,1188,0.7147562503814697
yst04r.txt,9,AAAAAAAAA,1215,0.497882604598999
yst04r.txt,10,AAAAAAAAAA,1210,0.35774993896484375
yst04r.txt,11,AAAAAAAAAAA,1188,0.36803722381591797
yst04r.txt,12,AAAAAAAAAAAA,1092,0.20643401145935059
yst04r.txt,13,AAAAAAAAAAAAA,1001,0.21043848991394043
yst04r.txt,14,AAAAAAAAAAAAAA,945,0.2260279655456543
yst04r.txt,15,AAAAAAAAAAAAAAA,960,0.234419584274292
