Input file,K,Motif,Score,Time
hm03.txt,8,AAAAAAAA,684,1.2870008945465088
hm03.txt,9,AAAAAAAAA,540,0.7739324569702148
hm03.txt,10,AGCTTAGTGC,465.0,0.797450065612793
hm03.txt,11,CAGCTTAGTGC,557.5,0.8693239688873291
hm03.txt,12,AATCAGCACTCT,624.0,0.33712053298950195
hm03.txt,13,CAATCAGCACTCT,718.0,0.34857678413391113
hm03.txt,14,AATCAGCACTCTGT,818.0,0.36506009101867676
hm03.txt,15,CAATCAGCACTCTGT,926.0,0.3871946334838867
