Input file,K,Motif,Score,Time
hm03.txt,8,AAAAAAAA,684,1.1686124801635742
hm03.txt,9,AAAAAAAAA,540,0.7477118968963623
hm03.txt,10,AGCTTAGTGC,465.0,0.8104343414306641
hm03.txt,11,CAGCTTAGTGC,557.5,0.9221067428588867
hm03.txt,12,AATCAGCACTCT,624.0,0.32178258895874023
hm03.txt,13,CAATCAGCACTCT,718.0,0.3540468215942383
hm03.txt,14,AATCAGCACTCTGT,818.0,0.360076904296875
hm03.txt,15,CAATCAGCACTCTGT,926.0,0.37270307540893555
