Input file,K,Motif,Score,Time
yst04r.txt,8,ATTTTTTT,6,0.1354539394378662
yst04r.txt,9,ATTTTTTTT,4,0.1326155662536621
yst04r.txt,10,TTTTTTTTCT,4,0.1383967399597168
yst04r.txt,11,CTTTTCTGGCA,3,0.13551712036132812
yst04r.txt,12,ATTAATTTTTTT,2,0.13797950744628906
yst04r.txt,13,TTTTTTTTTCTTT,2,0.1420302391052246
yst04r.txt,14,AAGGAAGAAAAAAA,2,0.14326214790344238
yst04r.txt,15,GAATTACTCGTGAGT,1,0.13610506057739258
