Input file,K,Motif,Score,Time
hm03.txt,8,AAAATAAA,6,0.5105018615722656
hm03.txt,9,AAACAAAAT,4,0.547950029373169
hm03.txt,10,GCCTGACACA,3,0.5320727825164795
hm03.txt,11,GGGTGTGGCTT,3,0.5528585910797119
hm03.txt,12,TTTAACTTAATA,3,0.5621905326843262
hm03.txt,13,CTTAGTGCCTGAC,3,0.5883514881134033
hm03.txt,14,CAGCTTAGTGCCTG,3,0.5662860870361328
hm03.txt,15,TTTAACTTAATATTT,3,0.5767054557800293
