Input file,K,Motif,Score,Time
yst08r.txt,8,ATTTTTTT,7,0.32741785049438477
yst08r.txt,9,AAGAAAAAA,6,0.35312724113464355
yst08r.txt,10,GAAAAAAAAA,5,0.3304011821746826
yst08r.txt,11,AAGAAAAAAAA,4,0.31923723220825195
yst08r.txt,12,AAGAAAAAAAAA,4,0.31566357612609863
yst08r.txt,13,AAGAAAAAAAAAG,2,0.3213965892791748
yst08r.txt,14,AAGGAAGAAAAAAA,2,0.32398176193237305
yst08r.txt,15,CACTAATTGAGCGAT,1,0.3276033401489258
