Input file,K,Motif,Score,Time
hm03.txt,8,GCCGCGC,25.361817182970398,570.1238237857818
hm03.txt,8,GCTCAGC,25.063290876773582,570.1238237857818
hm03.txt,8,GGAGGCT,24.96819385685265,570.1238237857818
hm03.txt,8,CTGCTCA,24.855224284797167,570.1238237857818
hm03.txt,8,AGCACTG,24.8301577763892,570.1238237857818
hm03.txt,9,GGCCGCGC,27.454503740728782,563.923824596405
hm03.txt,9,CGGAGGCT,27.10475559560504,563.923824596405
hm03.txt,9,GCTGCTCA,27.005747218092907,563.923824596405
hm03.txt,9,CAGCACTG,27.01407357464191,563.923824596405
hm03.txt,9,AGCTCAGC,26.95908272039182,563.923824596405
hm03.txt,10,CGGCCGCGC,29.587516052747418,537.5639543056488
hm03.txt,10,CCGGAGGCT,29.288199926615626,537.5639543056488
hm03.txt,10,CGCTGCTCA,29.203206097768355,537.5639543056488
hm03.txt,10,CAGCTCAGC,29.22911588905331,537.5639543056488
hm03.txt,10,GGCGTGGAA,29.155467917430673,537.5639543056488
hm03.txt,11,CCGGCCGCGC,31.72052836476606,520.3948437213897
hm03.txt,11,GCCGGAGGCT,31.400654451536646,520.3948437213897
hm03.txt,11,GCGCTGCTCA,31.34128643036487,520.3948437213897
hm03.txt,11,GCAGCTCAGC,31.381775158757755,520.3948437213897
hm03.txt,11,GGGCGTGGAA,31.33576252252285,520.3948437213897
hm03.txt,12,GCCGGCCGCGC,33.813214922524445,535.7719171524047
hm03.txt,12,CGCCGGAGGCT,33.58409878254723,535.7719171524047
hm03.txt,12,GGCGCTGCTCA,33.47936676296139,535.7719171524047
hm03.txt,12,CGGGCGTGGAA,33.409668339048295,535.7719171524047
hm03.txt,12,CCACAGCACTG,33.74037692871948,535.7719171524047
hm03.txt,13,CGCCGGCCGCGC,35.94622723454309,517.1254944324494
hm03.txt,13,GCGCCGGAGGCT,35.69655330746825,517.1254944324494
hm03.txt,13,GCGGGCGTGGAA,35.43970777900651,517.1254944324494
hm03.txt,13,CCCACAGCACTG,35.82098429169355,517.1254944324494
hm03.txt,13,CTGCAGCTCAGC,35.803565146949595,517.1254944324494
hm03.txt,14,GCGCCGGCCGCGC,38.03891379230147,531.313570022583
hm03.txt,14,GGCGCCGGAGGCT,37.80900783238927,531.313570022583
hm03.txt,14,CGCGGGCGTGGAA,37.637166658681956,531.313570022583
hm03.txt,14,CCCCACAGCACTG,38.11194099951307,531.313570022583
hm03.txt,14,CAGGCGCTGCTCA,38.016908423872245,531.313570022583
hm03.txt,15,GGCGCCGGCCGCGC,40.13160035005986,511.50658240318296
hm03.txt,15,GGGCGCCGGAGGCT,39.92146235731029,511.50658240318296
hm03.txt,15,GCCCCACAGCACTG,39.697193249486276,511.50658240318296
hm03.txt,15,GCAGGCGCTGCTCA,39.52605919610705,511.50658240318296
hm03.txt,15,TCGCGGGCGTGGAA,39.48187611460287,511.50658240318296
