Input file,K,Motif,Score,Time
hm03.txt,8,AAAAAAAA,45.409063332379816,20.56632137298584
hm03.txt,9,AAAAAAAAA,49.54969480241341,22.601773023605347
hm03.txt,10,AAAAAAAAAA,53.52722216747364,24.224986791610718
hm03.txt,11,AAAAAAAAAAA,57.35881987948691,25.74872875213623
hm03.txt,12,AAAAAAAAAAAA,61.05660351490079,25.81015110015869
hm03.txt,13,AAAAAAAAAAAAA,64.63295783839445,27.025185585021973
hm03.txt,14,AAAAAAAAAAAAAA,68.09680751755114,27.864421844482422
hm03.txt,15,AAAAAAAAAAAAAAA,71.45503640606758,37.67752647399902
