Input file,K,Motif,Score,Time
yst04r.txt,8,TTTTTTTT,42.250138398639784,9.336209058761597
yst04r.txt,9,TTTTTTTTT,45.993632072604285,10.980934619903564
yst04r.txt,10,TTTTTTTTTT,49.57317295005166,12.482874393463135
yst04r.txt,11,ATTTTTTTTTT,52.97054837145139,12.920790672302246
yst04r.txt,12,TATTTTTTTTTT,56.26616939073346,14.211660623550415
yst04r.txt,13,TTATTTTTTTTTT,59.43739890813412,14.265238523483276
yst04r.txt,14,TTTATTTTATTTTT,62.46052756372471,14.86003565788269
yst04r.txt,15,TTTTATTTTATTTTT,65.41486282186229,15.223716259002686
