Input file,K,Motif,Score,Time
yst08r.txt,8,TTTTTTTT,42.18484679903607,14.820258140563965
yst08r.txt,9,TTTTTTTTT,45.91850198007205,16.655802249908447
yst08r.txt,10,TTTTTTTTTT,49.48812354468567,17.45496964454651
yst08r.txt,11,TTTTTTTTTTT,52.90854831959463,18.813684463500977
yst08r.txt,12,TATTTTTTTTTT,56.11012920668569,21.09698724746704
yst08r.txt,13,TTATTTTTTTTTT,59.27187701990238,22.02561068534851
yst08r.txt,14,TTTTTATTTTATTT,62.24220095480782,23.638184309005737
yst08r.txt,15,TTTTATTTTTATTTT,65.18060996700466,27.250149250030518
